transactionUuid,paymentUuid,status,updatedAt,paymentMethod,operationType,grossAmountInCents,takeRateunit,takeRate,takeRateAmountInCents,takeRateUnitGateway,takeRateGateway,takeRateAmountInCentsGateway,netAmountInCents,releaseInstallment,numberOfInstallments,releaseTime,scheduledFor
96be424e-f072-c8f4-01ea-1b4c665b041b,a7c47eea-ad12-ad44-d628-34baaeba0d41,CAPTURED,2020-09-24T22:08:17-03:00,CREDIT_CARD,CREDIT,5118,PERCENT,219,112,CURRENCY,0,0,5009,1,4,1,2020-09-25T22:08:18-03:00
03a4a483-6d93-b764-5409-bf9cd51ae19e,a7c47eea-ad12-ad44-d628-34baaeba0d41,CAPTURED,2020-09-24T22:08:17-03:00,CREDIT_CARD,CREDIT,5118,PERCENT,219,112,CURRENCY,0,0,5006,2,4,1,2020-09-25T22:08:18-03:00
263c4a2f-936f-fb84-38d9-53852f96003b,a7c47eea-ad12-ad44-d628-34baaeba0d41,CAPTURED,2020-09-24T22:08:17-03:00,CREDIT_CARD,CREDIT,5118,PERCENT,219,112,CURRENCY,0,0,5006,3,4,1,2020-09-25T22:08:18-03:00
84c47424-1eaa-d304-e62a-5511c6f65755,a7c47eea-ad12-ad44-d628-34baaeba0d41,CAPTURED,2020-09-24T22:08:17-03:00,CREDIT_CARD,CREDIT,5118,PERCENT,219,112,CURRENCY,0,0,5006,4,4,1,2020-09-25T22:08:18-03:00
0f7bb3f7-0a7a-92d4-4d9b-564af42c6cf3,9e803dc2-bf05-05f4-eb38-28816059454b,CAPTURED,2020-09-24T13:09:27-03:00,CASH,CREDIT,2506,PERCENT,184,46,CURRENCY,0,0,2460,1,1,30,2020-10-24T13:09:27-03:00
2f72c152-07e5-4b24-8d2a-6d818b9d41dc,c7e0c2cf-7ad0-ba74-67fb-ac6689212768,CAPTURED,2020-09-24T13:09:27-03:00,CREDIT_CARD,CREDIT,8369,PERCENT,219,183,CURRENCY,0,0,8186,1,2,1,2020-09-25T13:09:27-03:00
250ed049-f0d3-ff94-55a8-f3bd778b8e10,c7e0c2cf-7ad0-ba74-67fb-ac6689212768,CAPTURED,2020-09-24T13:09:27-03:00,CREDIT_CARD,CREDIT,8369,PERCENT,219,183,CURRENCY,0,0,8186,2,2,1,2020-09-25T13:09:27-03:00
57a19a5c-c662-0754-358b-67c094fb6c35,1cbdfe23-fb10-7374-129a-d34a2c8265c7,CAPTURED,2020-09-24T15:05:40-03:00,CASH,CREDIT,7023,PERCENT,184,129,CURRENCY,0,0,6894,1,1,30,2020-10-24T15:05:40-03:00
cc2fa79f-1b27-a714-c1fa-d4f8a70815de,9094f1b2-2a04-dae4-062a-6ff37b5913cc,CAPTURED,2020-09-24T15:05:40-03:00,CREDIT_CARD,CREDIT,5811,PERCENT,184,106,CURRENCY,0,0,5705,1,1,30,2020-10-24T15:05:40-03:00
3b1c1c17-1650-25b4-9d19-3cf0ef496083,af99553a-dbd2-1de4-42b9-f0b2df6d1701,CAPTURED,2020-09-24T18:57:23-03:00,CREDIT_CARD,CREDIT,4129,PERCENT,219,90,CURRENCY,0,0,4040,1,4,1,2020-09-25T18:57:23-03:00
4cef1450-b6a8-d314-53ca-878314e32d62,af99553a-dbd2-1de4-42b9-f0b2df6d1701,CAPTURED,2020-09-24T18:57:23-03:00,CREDIT_CARD,CREDIT,4129,PERCENT,219,90,CURRENCY,0,0,4039,2,4,1,2020-09-25T18:57:23-03:00
08cfc8cc-894f-ffe4-f92a-d0ef43a4e3a3,af99553a-dbd2-1de4-42b9-f0b2df6d1701,CAPTURED,2020-09-24T18:57:23-03:00,CREDIT_CARD,CREDIT,4129,PERCENT,219,90,CURRENCY,0,0,4039,3,4,1,2020-09-25T18:57:23-03:00
9c1fe439-08cf-dde4-3b2b-5e1205a57af1,af99553a-dbd2-1de4-42b9-f0b2df6d1701,CAPTURED,2020-09-24T18:57:23-03:00,CREDIT_CARD,CREDIT,4129,PERCENT,219,90,CURRENCY,0,0,4039,4,4,1,2020-09-25T18:57:23-03:00
12c37516-dc92-2f14-d5b8-a47a5ad6e2ba,e1f52b13-5a69-3be4-48bb-42430a930733,CAPTURED,2020-09-24T07:51:30-03:00,CASH,CREDIT,27998,PERCENT,184,515,CURRENCY,0,0,27483,1,1,30,2020-10-24T07:51:31-03:00
733773e8-d314-c9c4-50bb-2b6a8e948e2e,b6b82fb3-dea1-a9d4-0579-77824adb3dd7,CAPTURED,2020-09-24T11:23:26-03:00,CREDIT_CARD,CREDIT,14044,PERCENT,184,258,CURRENCY,0,0,13786,1,1,30,2020-10-24T11:23:26-03:00
40fcc1eb-3d27-5264-5a9a-a5cefde3f874,78b5df38-98e2-a874-21d8-155670751519,CAPTURED,2020-09-24T16:08:57-03:00,CREDIT_CARD,CREDIT,8866,PERCENT,219,194,CURRENCY,0,0,8673,1,3,1,2020-09-25T16:08:57-03:00
ce949e37-a141-d264-aaf9-c0c5a25e51b7,78b5df38-98e2-a874-21d8-155670751519,CAPTURED,2020-09-24T16:08:57-03:00,CREDIT_CARD,CREDIT,8866,PERCENT,219,194,CURRENCY,0,0,8672,2,3,1,2020-09-25T16:08:57-03:00
093ee251-76ee-d864-c4e9-800ab4d4eb47,78b5df38-98e2-a874-21d8-155670751519,CAPTURED,2020-09-24T16:08:57-03:00,CREDIT_CARD,CREDIT,8866,PERCENT,219,194,CURRENCY,0,0,8672,3,3,1,2020-09-25T16:08:57-03:00
70e3a456-67c8-6664-c078-dc82026ec14f,980eec8e-e9df-b644-e068-7de13083b90d,CAPTURED,2020-09-24T11:10:50-03:00,CASH,CREDIT,18197,PERCENT,184,334,CURRENCY,0,0,17863,1,1,30,2020-10-24T11:10:50-03:00
30cd1445-06ab-c2f4-08a9-877bd7c8f103,3d998a4b-b298-6574-a5c8-ed753e2eba77,CAPTURED,2020-09-24T11:10:50-03:00,CREDIT_CARD,CREDIT,5900,PERCENT,219,129,CURRENCY,0,0,5772,1,2,1,2020-09-25T11:10:50-03:00
60d7f37d-b993-3c84-87fa-c73e09dbc8b1,3d998a4b-b298-6574-a5c8-ed753e2eba77,CAPTURED,2020-09-24T11:10:50-03:00,CREDIT_CARD,CREDIT,5900,PERCENT,219,129,CURRENCY,0,0,5771,2,2,1,2020-09-25T11:10:50-03:00
caf5a7c3-8a8a-8ce4-1f4b-ee2d49cce616,253aec76-efad-fd24-a88b-67c901aa99b1,CAPTURED,2020-09-24T17:41:45-03:00,CREDIT_CARD,CREDIT,6499,PERCENT,219,142,CURRENCY,0,0,6359,1,4,1,2020-09-25T17:41:45-03:00
6a927157-f24b-6804-635b-3a8d329a3ff3,253aec76-efad-fd24-a88b-67c901aa99b1,CAPTURED,2020-09-24T17:41:45-03:00,CREDIT_CARD,CREDIT,6499,PERCENT,219,142,CURRENCY,0,0,6357,2,4,1,2020-09-25T17:41:45-03:00
9199b674-dae8-7604-0b98-84afb869097d,253aec76-efad-fd24-a88b-67c901aa99b1,CAPTURED,2020-09-24T17:41:45-03:00,CREDIT_CARD,CREDIT,6499,PERCENT,219,142,CURRENCY,0,0,6357,3,4,1,2020-09-25T17:41:45-03:00
b44b92d9-5ae6-0d64-1ad9-bdacbd822721,253aec76-efad-fd24-a88b-67c901aa99b1,CAPTURED,2020-09-24T17:41:45-03:00,CREDIT_CARD,CREDIT,6499,PERCENT,219,142,CURRENCY,0,0,6357,4,4,1,2020-09-25T17:41:45-03:00
3146dfa8-f9ed-3894-494b-7d660f19f59f,5869f7ad-2b8b-7ab4-a32b-df9f2d06842f,CAPTURED,2020-09-24T23:28:07-03:00,CASH,CREDIT,7097,PERCENT,184,130,CURRENCY,0,0,6967,1,1,30,2020-10-24T23:28:07-03:00
86a9eacc-b24b-ccf4-aec8-505cba7d36bb,c3b09b30-11f4-bb74-9709-e3daba78aafd,CAPTURED,2020-09-24T23:28:07-03:00,CREDIT_CARD,CREDIT,9200,PERCENT,219,201,CURRENCY,0,0,9000,1,4,1,2020-09-25T23:28:07-03:00
3565649a-dbac-ce64-e3da-2cc74462594a,c3b09b30-11f4-bb74-9709-e3daba78aafd,CAPTURED,2020-09-24T23:28:07-03:00,CREDIT_CARD,CREDIT,9200,PERCENT,219,201,CURRENCY,0,0,8999,2,4,1,2020-09-25T23:28:07-03:00
d11328b3-ce00-8354-6cc9-c0c9b8de418c,c3b09b30-11f4-bb74-9709-e3daba78aafd,CAPTURED,2020-09-24T23:28:07-03:00,CREDIT_CARD,CREDIT,9200,PERCENT,219,201,CURRENCY,0,0,8999,3,4,1,2020-09-25T23:28:07-03:00
5695042d-9149-acd4-5828-14d5a44db756,c3b09b30-11f4-bb74-9709-e3daba78aafd,CAPTURED,2020-09-24T23:28:07-03:00,CREDIT_CARD,CREDIT,9200,PERCENT,219,201,CURRENCY,0,0,8999,4,4,1,2020-09-25T23:28:07-03:00
e3155c64-0df5-9874-0b38-18eac4285056,d66da4a5-3aee-8754-7e6b-8efad5eb87c4,CAPTURED,2020-09-24T23:02:24-03:00,CREDIT_CARD,CREDIT,4398,PERCENT,219,96,CURRENCY,0,0,4305,1,4,1,2020-09-25T23:02:24-03:00
97ef0fac-4185-e034-c999-57f6bf23807f,d66da4a5-3aee-8754-7e6b-8efad5eb87c4,CAPTURED,2020-09-24T23:02:24-03:00,CREDIT_CARD,CREDIT,4398,PERCENT,219,96,CURRENCY,0,0,4302,2,4,1,2020-09-25T23:02:24-03:00
055299b5-3d26-ef04-5aea-ceaf2a7cd8e5,d66da4a5-3aee-8754-7e6b-8efad5eb87c4,CAPTURED,2020-09-24T23:02:24-03:00,CREDIT_CARD,CREDIT,4398,PERCENT,219,96,CURRENCY,0,0,4302,3,4,1,2020-09-25T23:02:24-03:00
671c17cc-d210-f664-b00a-b3b71014d50b,d66da4a5-3aee-8754-7e6b-8efad5eb87c4,CAPTURED,2020-09-24T23:02:24-03:00,CREDIT_CARD,CREDIT,4398,PERCENT,219,96,CURRENCY,0,0,4302,4,4,1,2020-09-25T23:02:24-03:00
2a66ea75-6348-d3a4-77d8-7e2fceb41dcb,2ff0ab27-3ac8-4f24-0078-bec7158d9cde,CAPTURED,2020-09-24T21:28:49-03:00,CREDIT_CARD,CREDIT,6414,PERCENT,219,140,CURRENCY,0,0,6276,1,3,1,2020-09-25T21:28:50-03:00
430aefcc-7902-86b4-e878-0eed47dbf833,2ff0ab27-3ac8-4f24-0078-bec7158d9cde,CAPTURED,2020-09-24T21:28:49-03:00,CREDIT_CARD,CREDIT,6414,PERCENT,219,140,CURRENCY,0,0,6274,2,3,1,2020-09-25T21:28:50-03:00
ef70c7ed-7cd8-7874-1bab-14eb99044c38,2ff0ab27-3ac8-4f24-0078-bec7158d9cde,CAPTURED,2020-09-24T21:28:49-03:00,CREDIT_CARD,CREDIT,6414,PERCENT,219,140,CURRENCY,0,0,6274,3,3,1,2020-09-25T21:28:50-03:00
be178391-8e32-0b94-f638-1a609ebc5dcd,4f318b0e-63d4-8a34-fdda-6734ee9c49b6,CAPTURED,2020-09-24T22:24:13-03:00,CASH,CREDIT,23998,PERCENT,184,441,CURRENCY,0,0,23557,1,1,30,2020-10-24T22:24:14-03:00
df0209ff-9afc-f2e4-05b8-ddd5f113856e,3b4131c4-464c-b1b4-d5a9-ef12772997f1,CAPTURED,2020-09-24T22:00:13-03:00,CASH,CREDIT,1804,PERCENT,184,33,CURRENCY,0,0,1771,1,1,30,2020-10-24T22:00:13-03:00
ef993175-d52b-a0b4-0a3b-8643e375c146,665bea18-4923-5e74-ca7b-e49c63ac2aa3,CAPTURED,2020-09-24T22:00:13-03:00,CREDIT_CARD,CREDIT,17247,PERCENT,219,377,CURRENCY,0,0,16873,1,4,1,2020-09-25T22:00:13-03:00
4a2678cf-a57a-f634-8ceb-aba4d68aa4e6,665bea18-4923-5e74-ca7b-e49c63ac2aa3,CAPTURED,2020-09-24T22:00:13-03:00,CREDIT_CARD,CREDIT,17247,PERCENT,219,377,CURRENCY,0,0,16870,2,4,1,2020-09-25T22:00:13-03:00
e2afc64c-cedc-acc4-c85a-178e29a59d99,665bea18-4923-5e74-ca7b-e49c63ac2aa3,CAPTURED,2020-09-24T22:00:13-03:00,CREDIT_CARD,CREDIT,17247,PERCENT,219,377,CURRENCY,0,0,16870,3,4,1,2020-09-25T22:00:13-03:00
0b9f55a5-88af-a6d4-a369-cd45405d3d25,665bea18-4923-5e74-ca7b-e49c63ac2aa3,CAPTURED,2020-09-24T22:00:13-03:00,CREDIT_CARD,CREDIT,17247,PERCENT,219,377,CURRENCY,0,0,16870,4,4,1,2020-09-25T22:00:13-03:00
77fafa7d-1366-3eb4-4b29-d98504ef2332,74411b81-d58d-2b14-9b6a-7306398f49dd,CAPTURED,2020-09-24T12:47:42-03:00,CASH,CREDIT,87,PERCENT,184,1,CURRENCY,0,0,86,1,1,30,2020-10-24T12:47:43-03:00
06b1cf02-a066-6594-204b-6d7877253753,05c7d9ca-dd0e-b1c4-4468-644673e31b15,CAPTURED,2020-09-24T12:47:42-03:00,CREDIT_CARD,CREDIT,6667,PERCENT,219,146,CURRENCY,0,0,6521,1,4,1,2020-09-25T12:47:43-03:00
6df2c823-c0b9-7ee4-6489-b34d745fd6e6,05c7d9ca-dd0e-b1c4-4468-644673e31b15,CAPTURED,2020-09-24T12:47:42-03:00,CREDIT_CARD,CREDIT,6667,PERCENT,219,146,CURRENCY,0,0,6521,2,4,1,2020-09-25T12:47:43-03:00
68ec2c4e-a1bb-4424-a76b-55e04377b330,05c7d9ca-dd0e-b1c4-4468-644673e31b15,CAPTURED,2020-09-24T12:47:43-03:00,CREDIT_CARD,CREDIT,6667,PERCENT,219,146,CURRENCY,0,0,6521,3,4,1,2020-09-25T12:47:43-03:00
62f04cc2-56a9-5e44-da88-c524eb86cf56,05c7d9ca-dd0e-b1c4-4468-644673e31b15,CAPTURED,2020-09-24T12:47:43-03:00,CREDIT_CARD,CREDIT,6667,PERCENT,219,146,CURRENCY,0,0,6521,4,4,1,2020-09-25T12:47:43-03:00
c939d14a-c56c-45a4-2a09-c31ab118a35d,0450ba9b-7699-33a4-73bb-b2f99faa28cf,CAPTURED,2020-09-24T00:18:53-03:00,CREDIT_CARD,CREDIT,4747,PERCENT,219,103,CURRENCY,0,0,4646,1,4,1,2020-09-25T00:18:54-03:00
1f99c9e6-78ac-2b34-23c9-27a09e9b8daa,0450ba9b-7699-33a4-73bb-b2f99faa28cf,CAPTURED,2020-09-24T00:18:53-03:00,CREDIT_CARD,CREDIT,4747,PERCENT,219,103,CURRENCY,0,0,4644,2,4,1,2020-09-25T00:18:54-03:00
72a68bc1-807b-f744-795b-a90b39c541c3,0450ba9b-7699-33a4-73bb-b2f99faa28cf,CAPTURED,2020-09-24T00:18:53-03:00,CREDIT_CARD,CREDIT,4747,PERCENT,219,103,CURRENCY,0,0,4644,3,4,1,2020-09-25T00:18:54-03:00
6033b57a-f892-ffd4-b108-1cbe8fd87b41,0450ba9b-7699-33a4-73bb-b2f99faa28cf,CAPTURED,2020-09-24T00:18:53-03:00,CREDIT_CARD,CREDIT,4747,PERCENT,219,103,CURRENCY,0,0,4644,4,4,1,2020-09-25T00:18:54-03:00
acabb872-cdb0-0de4-31aa-cdaac0eefe80,fa76a0ad-0011-3724-a9ea-34850b9124fe,CAPTURED,2020-09-24T22:30:25-03:00,CREDIT_CARD,CREDIT,6999,PERCENT,219,153,CURRENCY,0,0,6849,1,4,1,2020-09-25T22:30:25-03:00
d669f3ec-58dd-4084-ea3b-17512a74e840,fa76a0ad-0011-3724-a9ea-34850b9124fe,CAPTURED,2020-09-24T22:30:25-03:00,CREDIT_CARD,CREDIT,6999,PERCENT,219,153,CURRENCY,0,0,6846,2,4,1,2020-09-25T22:30:25-03:00
4de171a2-1f09-d594-2eea-99bc902eb829,fa76a0ad-0011-3724-a9ea-34850b9124fe,CAPTURED,2020-09-24T22:30:25-03:00,CREDIT_CARD,CREDIT,6999,PERCENT,219,153,CURRENCY,0,0,6846,3,4,1,2020-09-25T22:30:25-03:00
5c36c638-7fd8-a0c4-dcca-6b95153b7d00,fa76a0ad-0011-3724-a9ea-34850b9124fe,CAPTURED,2020-09-24T22:30:25-03:00,CREDIT_CARD,CREDIT,6999,PERCENT,219,153,CURRENCY,0,0,6846,4,4,1,2020-09-25T22:30:25-03:00
becca799-6fba-4004-9ca8-ceb66ea199a8,ea4dfab5-8dba-4fd4-3ea9-b3e73668ac94,CAPTURED,2020-09-24T10:30:17-03:00,CASH,CREDIT,25998,PERCENT,184,478,CURRENCY,0,0,25520,1,1,30,2020-10-24T10:30:17-03:00
9aae7ac8-51f8-7794-bf59-dd624b34a3d0,9e5ec0a7-da9b-a134-4708-2b5ada299a71,CAPTURED,2020-09-24T20:36:37-03:00,CREDIT_CARD,CREDIT,6395,PERCENT,219,140,CURRENCY,0,0,6255,1,2,1,2020-09-25T20:36:38-03:00
5af49d49-4ed9-9fb4-04aa-c11c8dfbd148,9e5ec0a7-da9b-a134-4708-2b5ada299a71,CAPTURED,2020-09-24T20:36:37-03:00,CREDIT_CARD,CREDIT,6395,PERCENT,219,140,CURRENCY,0,0,6255,2,2,1,2020-09-25T20:36:38-03:00
03f46b50-cd24-7604-f12a-494bfa816faa,c07b820a-d92d-3a74-593a-6914aca66920,CAPTURED,2020-09-24T01:44:26-03:00,CREDIT_CARD,CREDIT,8499,PERCENT,219,186,CURRENCY,0,0,8315,1,4,1,2020-09-25T01:44:26-03:00
57b5a9a3-1877-23b4-1e99-b571b153361d,c07b820a-d92d-3a74-593a-6914aca66920,CAPTURED,2020-09-24T01:44:26-03:00,CREDIT_CARD,CREDIT,8499,PERCENT,219,186,CURRENCY,0,0,8313,2,4,1,2020-09-25T01:44:26-03:00
0374e149-02e9-9f84-f069-edce617c6945,c07b820a-d92d-3a74-593a-6914aca66920,CAPTURED,2020-09-24T01:44:26-03:00,CREDIT_CARD,CREDIT,8499,PERCENT,219,186,CURRENCY,0,0,8313,3,4,1,2020-09-25T01:44:26-03:00
a19f2c8e-0c1a-8bd4-a9b9-f9a0b87bedea,c07b820a-d92d-3a74-593a-6914aca66920,CAPTURED,2020-09-24T01:44:26-03:00,CREDIT_CARD,CREDIT,8499,PERCENT,219,186,CURRENCY,0,0,8313,4,4,1,2020-09-25T01:44:26-03:00
57e61c6b-a881-1804-fb68-0cd2c66e211a,21e84aa5-e5ba-b7b4-30c9-9d9565f5be87,CAPTURED,2020-09-24T08:21:42-03:00,CREDIT_CARD,CREDIT,9199,PERCENT,219,201,CURRENCY,0,0,9000,1,4,1,2020-09-25T08:21:43-03:00
2f14d62b-1089-eda4-a31b-4b7d9dd593ff,21e84aa5-e5ba-b7b4-30c9-9d9565f5be87,CAPTURED,2020-09-24T08:21:42-03:00,CREDIT_CARD,CREDIT,9199,PERCENT,219,201,CURRENCY,0,0,8998,2,4,1,2020-09-25T08:21:43-03:00
d72ef36a-2925-d234-447a-f8f0b17ca616,21e84aa5-e5ba-b7b4-30c9-9d9565f5be87,CAPTURED,2020-09-24T08:21:42-03:00,CREDIT_CARD,CREDIT,9199,PERCENT,219,201,CURRENCY,0,0,8998,3,4,1,2020-09-25T08:21:43-03:00
84807f5f-ba17-4934-cc29-e1ae15b4c7f6,21e84aa5-e5ba-b7b4-30c9-9d9565f5be87,CAPTURED,2020-09-24T08:21:42-03:00,CREDIT_CARD,CREDIT,9199,PERCENT,219,201,CURRENCY,0,0,8998,4,4,1,2020-09-25T08:21:43-03:00
35a07e6e-3ff7-3864-2f69-8bb9891d472e,409e6366-8c38-49a4-0ca9-347dd0e080b0,CAPTURED,2020-09-24T20:03:38-03:00,CREDIT_CARD,CREDIT,6650,PERCENT,219,145,CURRENCY,0,0,6505,1,3,1,2020-09-25T20:03:38-03:00
cb318116-fa0d-42a4-26fa-809d8bcb140a,409e6366-8c38-49a4-0ca9-347dd0e080b0,CAPTURED,2020-09-24T20:03:38-03:00,CREDIT_CARD,CREDIT,6650,PERCENT,219,145,CURRENCY,0,0,6505,2,3,1,2020-09-25T20:03:38-03:00
c71bae05-3eef-45a4-88b8-aae41cc6a6e8,409e6366-8c38-49a4-0ca9-347dd0e080b0,CAPTURED,2020-09-24T20:03:38-03:00,CREDIT_CARD,CREDIT,6650,PERCENT,219,145,CURRENCY,0,0,6505,3,3,1,2020-09-25T20:03:38-03:00
605c7955-7ed3-4644-0478-5af35248e63e,600093aa-8656-ba74-061a-91d492202f82,CAPTURED,2020-09-24T21:41:57-03:00,CREDIT_CARD,CREDIT,46597,PERCENT,184,857,CURRENCY,0,0,45740,1,1,30,2020-10-24T21:41:57-03:00
eaf60a13-b4c9-43e4-a248-0b698c26a848,70344ec0-b910-68b4-d7c8-11b1f800265d,CAPTURED,2020-09-24T12:47:37-03:00,CREDIT_CARD,CREDIT,19188,PERCENT,184,353,CURRENCY,0,0,18835,1,1,30,2020-10-24T12:47:37-03:00
a8a878ab-5567-2a04-07db-c87829cdbb52,76ec9bc9-b877-5664-5739-3e537752c02e,CAPTURED,2020-09-24T16:49:31-03:00,CASH,CREDIT,100,PERCENT,184,1,CURRENCY,0,0,99,1,1,30,2020-10-24T16:49:32-03:00
4ab13b0d-b2c2-2b64-cceb-88b9c55b3d93,83da2039-73d6-2274-4f7b-d7124965b184,CAPTURED,2020-09-24T16:49:31-03:00,CREDIT_CARD,CREDIT,15296,PERCENT,184,281,CURRENCY,0,0,15015,1,1,30,2020-10-24T16:49:32-03:00
b42ca5c6-4617-ef44-fc0a-b2c5e4323927,23398853-2a41-c904-11d8-cc70457abc20,CAPTURED,2020-09-24T12:45:25-03:00,CASH,CREDIT,12866,PERCENT,184,236,CURRENCY,0,0,12630,1,1,30,2020-10-24T12:45:26-03:00
a75f8b3a-a136-42f4-039b-c702779e0bf6,cc9f964e-91a7-c214-d4c9-f00a015fed9c,CAPTURED,2020-09-24T16:00:22-03:00,CASH,CREDIT,122,PERCENT,184,2,CURRENCY,0,0,120,1,1,30,2020-10-24T16:00:22-03:00
1b499200-39cb-0434-5e2a-ca3024a8f351,af788872-70bb-c704-2f69-9ba8de2e61d7,CAPTURED,2020-09-24T16:00:22-03:00,CREDIT_CARD,CREDIT,3512,PERCENT,219,76,CURRENCY,0,0,3439,1,4,1,2020-09-25T16:00:22-03:00
31b95f1f-495d-44a4-ac99-838728ff71f1,af788872-70bb-c704-2f69-9ba8de2e61d7,CAPTURED,2020-09-24T16:00:22-03:00,CREDIT_CARD,CREDIT,3512,PERCENT,219,76,CURRENCY,0,0,3436,2,4,1,2020-09-25T16:00:22-03:00
c2c84ece-592e-2d64-a899-949c7e40003a,af788872-70bb-c704-2f69-9ba8de2e61d7,CAPTURED,2020-09-24T16:00:22-03:00,CREDIT_CARD,CREDIT,3512,PERCENT,219,76,CURRENCY,0,0,3436,3,4,1,2020-09-25T16:00:22-03:00
775fd485-0dc1-3b34-7239-3895861f5be8,af788872-70bb-c704-2f69-9ba8de2e61d7,CAPTURED,2020-09-24T16:00:22-03:00,CREDIT_CARD,CREDIT,3512,PERCENT,219,76,CURRENCY,0,0,3436,4,4,1,2020-09-25T16:00:22-03:00
fba519a7-c335-e4f4-6698-601b06441ade,4638b9a0-836f-4454-077a-30e409f60d31,CAPTURED,2020-09-24T15:21:00-03:00,CREDIT_CARD,CREDIT,5847,PERCENT,219,128,CURRENCY,0,0,5719,1,4,1,2020-09-25T15:21:01-03:00
c99016a9-393b-9a54-296b-4fbab6929a44,4638b9a0-836f-4454-077a-30e409f60d31,CAPTURED,2020-09-24T15:21:00-03:00,CREDIT_CARD,CREDIT,5847,PERCENT,219,128,CURRENCY,0,0,5719,2,4,1,2020-09-25T15:21:01-03:00
563674df-3c79-87e4-a42a-4919d44e39e7,4638b9a0-836f-4454-077a-30e409f60d31,CAPTURED,2020-09-24T15:21:00-03:00,CREDIT_CARD,CREDIT,5847,PERCENT,219,128,CURRENCY,0,0,5719,3,4,1,2020-09-25T15:21:01-03:00
f2da272f-b158-5574-344b-ba29e94e8996,4638b9a0-836f-4454-077a-30e409f60d31,CAPTURED,2020-09-24T15:21:01-03:00,CREDIT_CARD,CREDIT,5847,PERCENT,219,128,CURRENCY,0,0,5719,4,4,1,2020-09-25T15:21:01-03:00
c8a928f2-ca89-daf4-6799-b5281636a21f,d46665c9-c751-b194-b298-ee0b29b908cb,CAPTURED,2020-09-24T21:55:26-03:00,CREDIT_CARD,CREDIT,11649,PERCENT,219,255,CURRENCY,0,0,11395,1,4,1,2020-09-25T21:55:26-03:00
38512868-b5b7-c1b4-421b-ea5210147a7a,d46665c9-c751-b194-b298-ee0b29b908cb,CAPTURED,2020-09-24T21:55:26-03:00,CREDIT_CARD,CREDIT,11649,PERCENT,219,255,CURRENCY,0,0,11394,2,4,1,2020-09-25T21:55:26-03:00
c01cff25-fde8-e824-2628-764ade62c3c2,d46665c9-c751-b194-b298-ee0b29b908cb,CAPTURED,2020-09-24T21:55:26-03:00,CREDIT_CARD,CREDIT,11649,PERCENT,219,255,CURRENCY,0,0,11394,3,4,1,2020-09-25T21:55:26-03:00
cc7862b2-3252-48f4-4218-cd512266b703,d46665c9-c751-b194-b298-ee0b29b908cb,CAPTURED,2020-09-24T21:55:26-03:00,CREDIT_CARD,CREDIT,11649,PERCENT,219,255,CURRENCY,0,0,11394,4,4,1,2020-09-25T21:55:26-03:00
7cfe5f9b-847c-c394-fd39-b1fdedced356,95198399-9f6a-5514-cffb-fa25f4f0aa74,CAPTURED,2020-09-24T16:03:13-03:00,CASH,CREDIT,21990,PERCENT,184,404,CURRENCY,0,0,21586,1,1,30,2020-10-24T16:03:13-03:00
9fb2c0b6-777a-edd4-09aa-16d4bd521d43,adb30730-a87d-f324-108b-e7df363f2c82,CAPTURED,2020-09-24T16:03:13-03:00,CREDIT_CARD,CREDIT,13501,PERCENT,219,295,CURRENCY,0,0,13206,1,4,1,2020-09-25T16:03:13-03:00
b2392b05-7e45-4834-684a-d212876b3664,adb30730-a87d-f324-108b-e7df363f2c82,CAPTURED,2020-09-24T16:03:13-03:00,CREDIT_CARD,CREDIT,13501,PERCENT,219,295,CURRENCY,0,0,13206,2,4,1,2020-09-25T16:03:13-03:00
0f282b04-b17d-0e84-773a-5fcaf3ab4cef,adb30730-a87d-f324-108b-e7df363f2c82,CAPTURED,2020-09-24T16:03:13-03:00,CREDIT_CARD,CREDIT,13501,PERCENT,219,295,CURRENCY,0,0,13206,3,4,1,2020-09-25T16:03:13-03:00
711b6c8d-bc79-c924-6668-7fbd17b65ba9,adb30730-a87d-f324-108b-e7df363f2c82,CAPTURED,2020-09-24T16:03:13-03:00,CREDIT_CARD,CREDIT,13501,PERCENT,219,295,CURRENCY,0,0,13206,4,4,1,2020-09-25T16:03:13-03:00
a0a3a061-7774-0484-70db-7646ab82dbbe,bb73e714-f2bb-c894-f109-65ecbb76f3bd,CAPTURED,2020-09-24T12:27:09-03:00,CASH,CREDIT,2798,PERCENT,184,51,CURRENCY,0,0,2747,1,1,30,2020-10-24T12:27:10-03:00
bd535d35-dbb7-4ac4-aa0a-08c0119033b9,79dac693-2240-2994-2239-db5ac7633597,CAPTURED,2020-09-24T12:27:09-03:00,CREDIT_CARD,CREDIT,30501,PERCENT,184,561,CURRENCY,0,0,29940,1,1,30,2020-10-24T12:27:10-03:00
5e290a7c-75e9-be74-7b0b-ac1232f63bee,8c93fe6d-dab2-0b04-244a-4eef96dfffaf,CAPTURED,2020-09-24T14:01:59-03:00,CASH,CREDIT,225,PERCENT,184,4,CURRENCY,0,0,221,1,1,30,2020-10-24T14:01:59-03:00
edd7ebf4-497a-faf4-5d8b-0f91efb87988,0fe3e0a2-32f0-d7d4-6faa-c6eba7221112,CAPTURED,2020-09-24T14:01:59-03:00,CREDIT_CARD,CREDIT,5342,PERCENT,219,116,CURRENCY,0,0,5227,1,3,1,2020-09-25T14:01:59-03:00
5390e991-7393-6154-e6c8-2ddf79663b5b,0fe3e0a2-32f0-d7d4-6faa-c6eba7221112,CAPTURED,2020-09-24T14:01:59-03:00,CREDIT_CARD,CREDIT,5342,PERCENT,219,116,CURRENCY,0,0,5226,2,3,1,2020-09-25T14:01:59-03:00
71faf043-42bd-e9e4-2419-306ee52afbd3,0fe3e0a2-32f0-d7d4-6faa-c6eba7221112,CAPTURED,2020-09-24T14:01:59-03:00,CREDIT_CARD,CREDIT,5342,PERCENT,219,116,CURRENCY,0,0,5226,3,3,1,2020-09-25T14:01:59-03:00
294126b2-eb0b-9a54-5b89-9ae53cbe142d,b0a92693-759c-cee4-45c9-9a0ce1d46449,CAPTURED,2020-09-24T15:17:32-03:00,CREDIT_CARD,CREDIT,6499,PERCENT,219,142,CURRENCY,0,0,6359,1,4,1,2020-09-25T15:17:32-03:00
ccb1d0cb-4435-4464-0d08-db8115994401,b0a92693-759c-cee4-45c9-9a0ce1d46449,CAPTURED,2020-09-24T15:17:32-03:00,CREDIT_CARD,CREDIT,6499,PERCENT,219,142,CURRENCY,0,0,6357,2,4,1,2020-09-25T15:17:32-03:00
0d20e643-6bd0-ccb4-80a9-9edfedc03fd3,b0a92693-759c-cee4-45c9-9a0ce1d46449,CAPTURED,2020-09-24T15:17:32-03:00,CREDIT_CARD,CREDIT,6499,PERCENT,219,142,CURRENCY,0,0,6357,3,4,1,2020-09-25T15:17:32-03:00
37116a4e-903c-a034-cbbb-d1fe5b65bde5,b0a92693-759c-cee4-45c9-9a0ce1d46449,CAPTURED,2020-09-24T15:17:32-03:00,CREDIT_CARD,CREDIT,6499,PERCENT,219,142,CURRENCY,0,0,6357,4,4,1,2020-09-25T15:17:32-03:00
d9bfa4c4-754c-8a54-88e9-6e7d4001e476,b1584ba0-3e02-1764-460a-32fe8f4f33c6,CAPTURED,2020-09-24T20:04:47-03:00,CASH,CREDIT,11947,PERCENT,184,219,CURRENCY,0,0,11728,1,1,30,2020-10-24T20:04:47-03:00
7a3b3176-45b3-7cc4-8798-d746c29c23f8,85c432fe-461c-d2d4-d12a-2b751360c78a,CAPTURED,2020-09-24T20:04:47-03:00,CREDIT_CARD,CREDIT,4519,PERCENT,184,83,CURRENCY,0,0,4436,1,1,30,2020-10-24T20:04:47-03:00
d861c3f0-30bb-f094-bfda-cbf653b5f096,77660219-e760-8204-247b-bf332df2bc52,CAPTURED,2020-09-24T14:43:19-03:00,CREDIT_CARD,CREDIT,11099,PERCENT,219,243,CURRENCY,0,0,10859,1,4,1,2020-09-25T14:43:19-03:00
b823eb21-ee19-2e94-ab4a-cd2229b404bc,77660219-e760-8204-247b-bf332df2bc52,CAPTURED,2020-09-24T14:43:19-03:00,CREDIT_CARD,CREDIT,11099,PERCENT,219,243,CURRENCY,0,0,10856,2,4,1,2020-09-25T14:43:19-03:00
1c308a2b-fb5b-5e94-843b-ae82747eff67,77660219-e760-8204-247b-bf332df2bc52,CAPTURED,2020-09-24T14:43:19-03:00,CREDIT_CARD,CREDIT,11099,PERCENT,219,243,CURRENCY,0,0,10856,3,4,1,2020-09-25T14:43:19-03:00
7d548a7b-d7fa-e334-4928-1034b7187dbf,77660219-e760-8204-247b-bf332df2bc52,CAPTURED,2020-09-24T14:43:19-03:00,CREDIT_CARD,CREDIT,11099,PERCENT,219,243,CURRENCY,0,0,10856,4,4,1,2020-09-25T14:43:19-03:00
750b93e6-2920-eb14-741a-22672ac9a769,60457de4-e2cb-afb4-e23a-eb3819bad0c5,CAPTURED,2020-09-24T19:02:21-03:00,CASH,CREDIT,5798,PERCENT,184,106,CURRENCY,0,0,5692,1,1,30,2020-10-24T19:02:21-03:00
0cb8d4e6-a076-18b4-aa89-dd4d4f2ef457,af1e0fd4-5c29-bd64-8ef9-9c5553224ac3,CAPTURED,2020-09-24T19:02:21-03:00,CREDIT_CARD,CREDIT,3550,PERCENT,219,77,CURRENCY,0,0,3473,1,4,1,2020-09-25T19:02:21-03:00
01bd447a-7932-5614-54eb-cbb6a8576ad9,af1e0fd4-5c29-bd64-8ef9-9c5553224ac3,CAPTURED,2020-09-24T19:02:21-03:00,CREDIT_CARD,CREDIT,3550,PERCENT,219,77,CURRENCY,0,0,3473,2,4,1,2020-09-25T19:02:21-03:00
1d46cd27-009b-8144-809a-23de822d16f8,af1e0fd4-5c29-bd64-8ef9-9c5553224ac3,CAPTURED,2020-09-24T19:02:21-03:00,CREDIT_CARD,CREDIT,3550,PERCENT,219,77,CURRENCY,0,0,3473,3,4,1,2020-09-25T19:02:21-03:00
5f80216d-639a-30e4-2518-3dbc69cc7d0c,af1e0fd4-5c29-bd64-8ef9-9c5553224ac3,CAPTURED,2020-09-24T19:02:21-03:00,CREDIT_CARD,CREDIT,3550,PERCENT,219,77,CURRENCY,0,0,3473,4,4,1,2020-09-25T19:02:21-03:00
e856024e-7f7d-3e44-018b-d7eedff3345e,b68629e8-2f2a-3b54-35aa-b508ab940409,CAPTURED,2020-09-24T19:39:17-03:00,CREDIT_CARD,CREDIT,6499,PERCENT,219,142,CURRENCY,0,0,6359,1,4,1,2020-09-25T19:39:17-03:00
41b0ce0c-2994-9c74-8e68-6ac01a5e0f13,b68629e8-2f2a-3b54-35aa-b508ab940409,CAPTURED,2020-09-24T19:39:17-03:00,CREDIT_CARD,CREDIT,6499,PERCENT,219,142,CURRENCY,0,0,6357,2,4,1,2020-09-25T19:39:17-03:00
ad083c75-16c9-ab24-32bb-ee926936f793,b68629e8-2f2a-3b54-35aa-b508ab940409,CAPTURED,2020-09-24T19:39:17-03:00,CREDIT_CARD,CREDIT,6499,PERCENT,219,142,CURRENCY,0,0,6357,3,4,1,2020-09-25T19:39:17-03:00
a7528100-d598-e634-38db-6695085d8798,b68629e8-2f2a-3b54-35aa-b508ab940409,CAPTURED,2020-09-24T19:39:17-03:00,CREDIT_CARD,CREDIT,6499,PERCENT,219,142,CURRENCY,0,0,6357,4,4,1,2020-09-25T19:39:17-03:00
345ac422-7c32-a024-7abb-2f36e521816b,8035d881-9550-2cb4-ff6a-2784f5e0e9fc,CAPTURED,2020-09-24T17:59:11-03:00,CASH,CREDIT,500,PERCENT,184,9,CURRENCY,0,0,491,1,1,30,2020-10-24T17:59:11-03:00
fb9934cc-caf6-a384-2cd9-3ae4ff9e856a,3064966f-e74b-d074-b8fb-176d76ca9a60,CAPTURED,2020-09-24T17:59:11-03:00,CASH,CREDIT,1384,PERCENT,184,25,CURRENCY,0,0,1359,1,1,30,2020-10-24T17:59:11-03:00
e8c09a02-fcdf-6d24-d1b9-068ee37390f8,200d1def-2d3a-4da4-2e5b-8d321a7f1150,CAPTURED,2020-09-24T17:59:11-03:00,CREDIT_CARD,CREDIT,12678,PERCENT,219,277,CURRENCY,0,0,12402,1,4,1,2020-09-25T17:59:11-03:00
10e6bd55-3bcf-3564-b52a-6ef3bb93279a,200d1def-2d3a-4da4-2e5b-8d321a7f1150,CAPTURED,2020-09-24T17:59:11-03:00,CREDIT_CARD,CREDIT,12678,PERCENT,219,277,CURRENCY,0,0,12401,2,4,1,2020-09-25T17:59:11-03:00
237dbcf7-40bd-4e74-48bb-38efeb1924d0,200d1def-2d3a-4da4-2e5b-8d321a7f1150,CAPTURED,2020-09-24T17:59:11-03:00,CREDIT_CARD,CREDIT,12678,PERCENT,219,277,CURRENCY,0,0,12401,3,4,1,2020-09-25T17:59:11-03:00
e25a4dee-4bf0-8094-fac8-0dac6303857a,200d1def-2d3a-4da4-2e5b-8d321a7f1150,CAPTURED,2020-09-24T17:59:11-03:00,CREDIT_CARD,CREDIT,12678,PERCENT,219,277,CURRENCY,0,0,12401,4,4,1,2020-09-25T17:59:11-03:00
ecb7db09-a80c-e884-c818-77046c8fde95,198ec513-2e56-a234-83e8-e5bb78d50f91,CAPTURED,2020-09-24T16:42:50-03:00,CASH,CREDIT,1181,PERCENT,184,21,CURRENCY,0,0,1160,1,1,30,2020-10-24T16:42:50-03:00
32491578-4b5f-d0c4-f7ea-12fcf6b71916,423bbd02-6f0d-28b4-4f4b-ee0a1e648429,CAPTURED,2020-09-24T16:42:50-03:00,CREDIT_CARD,CREDIT,38817,PERCENT,184,714,CURRENCY,0,0,38103,1,1,30,2020-10-24T16:42:50-03:00
